"Id","Category"
"3312","58"
"11515","196"
"11438","195"
"5012","23"
"11117","189"
"6954","129"
"2021","36"
"7853","134"
"7338","181"
"8749","150"
"4735","82"
"3204","56"
"9470","161"
"7213","127"
"7400","183"
"7351","128"
"632","185"
"11725","149"
"9558","163"
"4758","82"
"7623","130"
"6652","135"
"9737","166"
"198","49"
"5893","94"
"1471","9"
"10226","193"
"6584","67"
"10949","96"
"6244","9"
"5141","88"
"2730","48"
"2492","137"
"9866","162"
"10816","184"
"4603","79"
"11659","67"
"6334","95"
"2482","72"
"11670","193"
"3613","63"
"8477","143"
"3480","60"
"8600","147"
"6450","111"
"8050","164"
"4640","80"
"3971","82"
"4787","31"
"3015","53"
"3138","96"
"4931","85"
"6106","105"
"10490","173"
"5301","42"
"11625","198"
"7577","174"
"4664","80"
"7606","130"
"2790","138"
"2493","44"
"9174","157"
"10970","187"
"5798","99"
"1178","105"
"9248","97"
"3064","86"
"4376","128"
"10279","176"
"3973","67"
"11102","35"
"7436","127"
"10297","175"
"2770","11"
"2141","40"
"10421","177"
"7747","133"
"1644","11"
"1746","37"
"147","178"
"9152","162"
"4034","70"
"2751","48"
"6396","36"
"3078","54"
"7030","128"
"4128","72"
"2305","77"
"9663","165"
"10175","176"
"10828","178"
"4973","52"
"10057","171"
"4740","82"
"3111","97"
"7781","128"
"8652","148"
"6902","129"
"9556","163"
"4506","41"
"5365","81"
"6101","105"
"7985","137"
"6578","113"
"10962","187"
"4231","73"
"4463","78"
"2060","156"
"7244","123"
"11503","196"
"750","14"
"11502","128"
"8171","140"
"5877","101"
"5395","93"
"1996","149"
"7383","128"
"6313","29"
"2004","36"
"11388","128"
"7387","183"
"11290","14"
"5838","105"
"4598","80"
"11282","192"
"3823","65"
"9176","157"
"4633","80"
"9188","157"
"10369","177"
"1244","1"
"3750","60"
"2769","48"
"10768","183"
"10290","176"
"9911","162"
"8030","137"
"9341","151"
"9678","197"
"146","49"
"6537","32"
"10720","176"
"1649","30"
"10520","179"
"2780","134"
"2694","47"
"10858","185"
"7922","135"
"2578","23"
"8345","143"
"9600","164"
"10846","48"
"7777","85"
"5055","87"
"7532","129"
"8091","70"
"7613","105"
"5311","103"
"2862","25"
"3925","67"
"1705","173"
"10831","184"
"9897","169"
"4438","77"
"7104","119"
"8965","153"
"623","12"
"10775","174"
"9706","165"
"4595","68"
"1104","161"
"9807","167"
"9141","156"
"9655","165"
"8779","129"
"3005","52"
"3944","68"
"10942","186"
"6324","156"
"6911","129"
"8475","94"
"9873","168"
"7980","136"
"738","14"
"6812","178"
"10327","176"
"11457","199"
"2393","42"
"5496","114"
"9985","152"
"831","15"
"9426","161"
"9466","153"
"4587","79"
"5539","95"
"7712","132"
"4255","111"
"10081","172"
"2472","72"
"2805","23"
"6200","106"
"1613","49"
"6356","95"
"5084","86"
"890","16"
"675","4"
"11600","165"
"6495","112"
"7065","128"
"7281","125"
"7559","129"
"1011","193"
"4919","185"
"10798","184"
"11499","196"
"2703","161"
"4501","77"
"5031","87"
"5973","35"
"7674","104"
"4252","73"
"2991","52"
"10135","174"
"8630","147"
"5955","11"
"5969","116"
"5119","88"
"882","173"
"5480","94"
"7064","54"
"6556","102"
"8697","67"
"4460","98"
"11566","197"
"9084","193"
"7923","130"
"5228","90"
"3400","61"
"582","11"
"4998","196"
"8995","164"
"10737","183"
"10472","195"
"10916","111"
"11445","149"
"763","14"
"4732","81"
"5520","95"
"5998","76"
"7128","127"
"5519","95"
"3193","56"
"795","15"
"7315","120"
"11665","198"
"5652","4"
"3877","67"
"10809","178"
"8467","146"
"9392","109"
"3847","40"
"3796","65"
"4431","105"
"1503","63"
"11260","28"
"82","44"
"4479","78"
"665","13"
"3034","51"
"7925","76"
"3470","59"
"7996","137"
"6853","115"
"2222","152"
"5377","92"
"9727","128"
"5541","95"
"3029","53"
"6032","103"
"4643","80"
"2923","195"
"6057","104"
"8795","150"
"4996","8"
"6049","104"
"5777","43"
"2488","44"
"5029","71"
"700","13"
"8318","142"
"8936","152"
"2365","42"
"4338","75"
"11550","70"
"1176","105"
"11761","162"
"11164","190"
"2119","38"
"7887","151"
"8590","200"
"11434","197"
"10164","173"
"10052","171"
"10033","151"
"2491","2"
"849","157"
"9518","162"
"5234","8"
"826","15"
"6498","138"
"6684","115"
"9845","168"
"2091","39"
"10730","183"
"11245","191"
"3945","67"
"2735","48"
"8162","139"
"5974","102"
"4819","83"
"10740","159"
"8715","149"
"7182","131"
"9708","179"
"5413","93"
"1600","128"
"4707","81"
"2604","46"
"9153","156"
"5859","80"
"8509","84"
"9595","164"
"1596","29"
"3732","29"
"4537","135"
"11314","114"
"9390","164"
"459","40"
"11575","195"
"1001","19"
"1195","105"
"10181","179"
"1393","72"
"3846","67"
"6055","39"
"8463","185"
"9171","156"
"3791","84"
"914","17"
"5717","109"
"11683","199"
"5920","102"
"2280","40"
"9957","170"
"7394","127"
"11449","195"
"6928","116"
"9922","169"
"7593","130"
"7041","40"
"9148","173"
"10024","174"
"6260","138"
"3943","68"
"5984","103"
"8905","152"
"2919","137"
"6793","117"
"11337","197"
"8446","143"
"6960","102"
"7257","124"
"2319","41"
"3230","56"
"9260","158"
"11646","198"
"3130","55"
"8313","91"
"7730","165"
"6431","194"
"2032","36"
"10070","162"
"9088","151"
"2960","52"
"10505","158"
"329","7"
"5325","91"
"571","88"
"8768","129"
"5846","79"
"6","3"
"1009","19"
"5277","135"
"1422","29"
"11756","98"
"8317","84"
"10872","137"
"494","188"
"8594","147"
"10685","182"
"365","7"
"6626","71"
"11040","188"
"7560","129"
"6253","29"
"7829","134"
"6843","119"
"9959","162"
"3584","82"
"2813","79"
"4063","70"
"597","11"
"315","6"
"7228","121"
"2218","102"
"6671","178"
"1255","23"
"3091","54"
"6424","110"
"842","16"
"10386","47"
"7282","184"
"4258","74"
"5026","87"
"11161","189"
"8174","16"
"6807","131"
"6299","58"
"3907","67"
"2499","44"
"10334","176"
"9133","173"
"7727","132"
"11571","199"
"9887","162"
"6368","109"
"6553","91"
"615","12"
"3777","84"
"1788","32"
"5334","110"
"103","143"
"2727","48"
"10224","39"
"8122","139"
"8624","147"
"2086","37"
"10423","152"
"7036","129"
"7877","103"
"5768","149"
"344","7"
"3713","94"
"8417","71"
"10826","184"
"11058","188"
"199","4"
"8045","188"
"3012","51"
"11467","195"
"2363","42"
"5808","100"
"4235","73"
"9440","161"
"5250","58"
"2557","63"
"9744","166"
"8270","146"
"6084","104"
"2143","38"
"10680","182"
"2229","155"
"10755","176"
"7689","185"
"343","96"
"6050","104"
"5406","93"
"10096","172"
"11650","87"
"11751","162"
"11418","128"
"8692","148"
"4274","138"
"4163","194"
"11629","198"
"9879","168"
"7311","120"
"4472","77"
"9306","19"
"10623","181"
"8438","147"
"7822","134"
"4698","81"
"2582","94"
"10928","164"
"9505","162"
"6307","30"
"868","16"
"8699","148"
"5387","93"
"8631","147"
"7119","122"
"5591","96"
"4138","200"
"2456","179"
"5178","89"
"11469","195"
"6511","111"
"10706","182"
"1664","19"
"9561","176"
"7849","134"
"6400","149"
"5072","87"
"4742","82"
"4310","74"
"2242","39"
"7920","102"
"3144","55"
"7538","116"
"265","5"
"3172","74"
"4704","81"
"8519","146"
"10384","177"
"11167","105"
"8130","139"
"1631","54"
"1061","20"
"6010","103"
"11126","188"
"8032","108"
"11012","188"
"10548","175"
"8375","200"
"4630","80"
"6187","106"
"2075","39"
"1673","29"
"8235","146"
"10908","186"
"5483","94"
"16","1"
"5886","144"
"726","74"
"8087","138"
"3882","35"
"10442","197"
"4662","82"
"4051","14"
"11201","191"
"9151","156"
"4085","135"
"10238","174"
"9383","160"
"8418","147"
"8248","144"
"11250","192"
"7492","199"
"7629","131"
"1869","31"
"8222","140"
"8981","153"
"7507","129"
"8334","142"
"10216","128"
"9085","155"
"9321","94"
"10109","162"
"7955","160"
"5426","93"
"658","161"
"9535","163"
"4337","160"
"5575","96"
"11644","198"
"1003","19"
"3055","8"
"8485","143"
"7121","120"
"10713","157"
"2822","49"
"11588","197"
"4314","19"
"9823","167"
"2918","51"
"6637","114"
"2845","50"
"1626","29"
"6965","119"
"3735","58"
"5438","69"
"10584","182"
"616","12"
"3428","60"
"5336","92"
"10578","180"
"6746","116"
"9752","166"
"8762","149"
"233","13"
"391","72"
"3926","68"
"7714","132"
"9641","15"
"1410","26"
"10892","170"
"8440","185"
"4070","70"
"2829","11"
"5885","33"
"3594","62"
"9999","75"
"1819","33"
"3537","61"
"7919","135"
"10288","176"
"3733","106"
"6354","15"
"4397","105"
"207","49"
"9818","182"
"420","8"
"6813","117"
"4750","82"
"4736","82"
"3127","54"
"5847","71"
"10000","75"
"1633","29"
"9711","40"
"2312","41"
"2974","52"
"8797","40"
"3450","8"
"6406","110"
"4249","73"
"7428","129"
"8420","144"
"9296","165"
"837","15"
"9571","163"
"10339","176"
"2619","46"
"9410","160"
"4775","82"
"9566","163"
"383","8"
"2063","39"
"2957","52"
"1064","20"
"2368","42"
"2135","38"
"1437","7"
"6123","105"
"4086","72"
"2628","58"
"11645","159"
"4150","3"
"7067","128"
"9615","164"
"1148","158"
"11239","191"
"7625","129"
"9560","176"
"1168","21"
"1719","31"
"7058","166"
"9917","169"
"126","58"
"6936","130"
"2163","74"
"1667","27"
"11729","200"
"9598","164"
"10845","185"
"2677","47"
"8207","140"
"10519","38"
"7240","124"
"3353","58"
"9412","161"
"1761","161"
"585","108"
"4393","56"
"4497","78"
"6906","118"
"7140","122"
"300","40"
"3457","66"
"8879","175"
"11381","194"
"9805","176"
"1105","20"
"2293","40"
"9863","168"
"13","193"
"9699","165"
"3313","58"
"1710","31"
"4705","81"
"851","16"
"771","54"
"8680","148"
"1068","20"
"7241","22"
"4045","70"
"3276","57"
"4094","72"
"10100","170"
"6831","151"
"6364","109"
"10229","168"
"764","14"
"5667","158"
"1965","35"
"8073","138"
"3644","63"
"8254","147"
"6942","130"
"1356","72"
"11692","199"
"4284","74"
"3474","60"
"9222","178"
"5753","184"
"5536","95"
"11063","189"
"3557","45"
"4222","73"
"5071","87"
"7830","134"
"11321","11"
"8389","145"
"9139","156"
"2223","178"
"4832","67"
"8448","144"
"8809","150"
"11563","197"
"4791","57"
"9498","156"
"8892","179"
"4854","84"
"1427","26"
"11039","188"
"10839","183"
"4918","85"
"4543","40"
"2997","52"
"106","195"
"11521","193"
"10945","186"
"6620","14"
"8414","146"
"695","25"
"10675","182"
"8628","143"
"10844","185"
"11744","200"
"9108","40"
"899","17"
"4902","84"
"1412","26"
"10652","181"
"7247","128"
"5580","47"
"9268","158"
"1264","23"
"8921","156"
"8713","149"
"11462","195"
"3886","67"
"759","19"
"11131","189"
"5494","178"
"1980","35"
"7135","122"
"6141","105"
"5449","94"
"6030","103"
"9457","161"
"5647","97"
"7118","118"
"1297","128"
"9623","164"
"11628","198"
"3624","84"
"825","160"
"10450","195"
"11541","197"
"6157","106"
"11194","191"
"6516","112"
"6419","187"
"10646","168"
"4175","1"
"8891","152"
"2016","189"
"886","16"
"8969","153"
"11094","189"
"3829","84"
"2968","52"
"1896","34"
"5403","78"
"6783","130"
"679","128"
"5985","103"
"9462","161"
"9914","169"
"6844","119"
"1285","23"
"7915","103"
"5907","68"
"610","12"
"5369","92"
"10695","182"
"6332","109"
"1223","22"
"1419","134"
"6192","106"
"11398","128"
"11745","95"
"8960","162"
"2898","51"
"2049","36"
"10374","177"
"10787","135"
"2351","42"
"2982","52"
"3211","42"
"11150","190"
"8327","71"
"6001","135"
"4195","142"
"5070","87"
"10782","184"
"8039","49"
"3129","54"
"8119","139"
"8994","164"
"1143","21"
"9648","159"
"5095","88"
"8563","84"
"6209","29"
"1822","33"
"9669","165"
"9961","170"
"3744","74"
"1081","75"
"4425","56"
"11768","200"
"7693","132"
"9696","165"
"6966","119"
"4676","81"
"6530","112"
"3118","160"
"3838","67"
"5505","94"
"5166","89"
"6445","111"
"4649","80"
"9231","162"
"3249","42"
"9396","160"
"7015","149"
"11549","40"
"1575","22"
"2671","47"
"4396","76"
"1243","24"
"3432","151"
"4883","56"
"10030","171"
"9766","166"
"4864","84"
"10062","171"
"2014","36"
"2015","189"
"7475","128"
"2921","51"
"7226","127"
"4119","72"
"11104","189"
"6195","8"
"996","18"
"953","18"
"6720","115"
"3051","53"
"1341","24"
"817","15"
"27","23"
"11472","195"
"10475","178"
"6619","94"
"7261","128"
"3322","58"
"1662","25"
"9422","161"
"8257","67"
"10639","181"
"10752","184"
"6161","106"
"5361","92"
"1925","120"
"1392","51"
"4123","72"
"11733","161"
"7576","118"
"3767","63"
"9069","164"
"6748","116"
"9348","159"
"4552","137"
"3107","54"
"3789","106"
"5996","114"
"8434","64"
"6268","29"
"742","14"
"6011","102"
"178","72"
"503","10"
"866","16"
"4180","25"
"8022","42"
"2949","51"
"4963","104"
"5274","41"
"10292","158"
"7263","128"
"1225","105"
"11402","194"
"2473","46"
"3171","55"
"1216","105"
"9658","165"
"6426","110"
"945","17"
"8176","42"
"8601","87"
"1609","27"
"2005","36"
"2204","158"
"11574","164"
"2435","156"
"11042","149"
"3917","67"
"5905","101"
"2660","47"
"592","56"
"11700","199"
"2693","161"
"6321","108"
"5330","105"
"8056","160"
"6643","73"
"4064","70"
"3900","67"
"9082","178"
"2100","43"
"5440","49"
"7477","128"
"10921","48"
"7273","127"
"9489","162"
"506","10"
"7488","128"
"6005","103"
"4168","135"
"1529","40"
"4583","79"
"7739","132"
"8058","138"
"3307","42"
"9343","31"
"6014","103"
"5363","92"
"483","40"
"3830","60"
"5911","149"
"5183","23"
"3421","64"
"3828","60"
"8266","31"
"3059","53"
"237","27"
"3719","64"
"1348","23"
"3376","85"
"5530","95"
"2316","41"
"1908","159"
"10007","170"
"6713","115"
"9692","165"
"2678","47"
"5936","160"
"1247","86"
"7586","151"
"9860","168"
"4673","81"
"4253","73"
"10366","176"
"11105","149"
"7341","183"
"8017","1"
"7335","40"
"6375","109"
"2592","1"
"76","101"
"1702","31"
"5858","100"
"4934","85"
"3924","68"
"3513","61"
"1966","35"
"8946","153"
"6222","29"
"1036","164"
"9949","75"
"650","12"
"5918","39"
"2782","136"
"6549","111"
"6428","110"
"3947","67"
"3909","67"
"5767","183"
"11417","194"
"10615","179"
"3548","147"
"3295","97"
"11413","194"
"7165","127"
"2338","136"
"7769","133"
"10697","182"
"5711","98"
"475","27"
"11273","92"
"8489","62"
"7466","128"
"8573","146"
"4903","84"
"1430","5"
"2653","96"
"7269","125"
"640","12"
"8184","140"
"7365","124"
"9004","179"
"6689","39"
"1697","9"
"7498","128"
"9316","159"
"8328","146"
"11371","187"
"8980","161"
"8890","152"
"28","193"
"8524","146"
"219","9"
"5576","96"
"1481","27"
"8307","142"
"8595","147"
"1785","200"
"5263","8"
"11152","190"
"9533","176"
"10195","174"
"4652","97"
"4104","92"
"2302","41"
"7374","128"
"3367","58"
"4668","165"
"586","128"
"9541","163"
"286","6"
"2633","46"
"10587","180"
"7908","38"
"6939","129"
"11641","198"
"7409","127"
"11427","128"
"7574","130"
"2971","52"
"282","23"
"11305","86"
"3878","68"
"8577","146"
"5077","87"
"2689","47"
"7470","108"
"2188","39"
"5613","200"
"10400","177"
"9847","168"
"9652","165"
"10032","174"
"8106","139"
"6442","22"
"11066","188"
"9471","162"
"7122","102"
"8457","147"
"10649","164"
"6788","130"
"622","195"
"7355","195"
"728","14"
"676","160"
"10833","184"
"6951","174"
"7206","123"
"3727","65"
"10536","174"
"6524","111"
"10494","179"
"772","160"
"4312","74"
"5965","40"
"8591","200"
"1768","109"
"903","42"
"4388","76"
"1661","29"
"4927","85"
"4721","22"
"11779","200"
"2423","18"
"766","54"
"548","128"
"2715","48"
"7385","198"
"8190","140"
"5843","195"
"7863","134"
"2929","51"
"4663","135"
"10619","19"
"1172","21"
"4300","74"
"3195","15"
"681","128"
"5074","74"
"10422","182"
"3072","54"
"7379","128"
"1153","21"
"9507","162"
"9958","173"
"9229","162"
"9420","161"
"7149","130"
"7611","56"
"4185","1"
"3814","66"
"7246","197"
"1692","30"
"8712","149"
"9919","152"
"827","15"
"9097","69"
"512","10"
"3252","57"
"5818","100"
"10312","176"
"9135","156"
"2394","42"
"9257","157"
"4753","82"
"11249","191"
"5752","184"
"5284","135"
"10431","178"
"8262","141"
"1891","34"
"7778","87"
"4042","70"
"3162","55"
"8387","143"
"9333","159"
"7398","129"
"2184","39"
"5775","104"
"4403","138"
"1084","20"
"10105","172"
"1006","19"
"7209","165"
"4379","108"
"2505","44"
"9606","164"
"9066","164"
"10332","176"
"10356","176"
"5813","100"
"9064","153"
"11673","195"
"5476","19"
"5589","74"
"6278","108"
"8740","183"
"10947","75"
"1902","35"
"292","6"
"3921","68"
"1330","24"
"7271","125"
"11192","191"
"2496","137"
"8758","149"
"4181","11"
"10917","186"
"10095","172"
"10091","173"
"1799","31"
"7615","130"
"8273","200"
"3852","67"
"3491","61"
"4059","70"
"2399","42"
"7659","114"
"3246","158"
"1577","128"
"3169","161"
"11308","192"
"4681","81"
"8919","151"
"7236","140"
"4038","70"
"11631","198"
"1071","161"
"3155","55"
"3084","54"
"7440","127"
"11730","200"
"3305","57"
"6657","178"
"6554","112"
"4837","83"
"200","4"
"11400","128"
"10827","31"
"3124","54"
"7105","129"
"5569","96"
"9851","168"
"3662","63"
"8547","143"
"4081","72"
"4667","80"
"9282","158"
"9782","167"
"9079","38"
"10079","162"
"6888","197"
"3019","53"
"10629","181"
"7516","129"
"7293","125"
"5379","92"
"4693","159"
"8298","68"
"2691","47"
"6438","110"
"10689","182"
"5199","120"
"7027","183"
"11344","193"
"1367","44"
"3980","69"
"438","54"
"3406","64"
"3627","63"
"5240","90"
"130","45"
"5101","88"
"9213","20"
"10784","184"
"8033","137"
"10824","184"
"2746","48"
"10127","172"
"4763","109"
"9892","162"
"4227","73"
"1566","28"
"5307","164"
"4135","142"
"11346","193"
"7926","136"
"5585","47"
"445","29"
"2610","46"
"10233","129"
"4212","153"
"6359","109"
"7637","129"
"9276","158"
"8834","21"
"8722","150"
"4125","72"
"7672","129"
"487","10"
"6860","118"
"9738","165"
"9932","169"
"3598","62"
"5707","162"
"363","5"
"8956","178"
"9254","158"
"4357","75"
"4217","73"
"10504","135"
"7160","128"
"1382","80"
"83","2"
"8789","135"
"9233","178"
"8059","137"
"3001","8"
"2611","58"
"5521","95"
"2685","47"
"11266","24"
"4492","77"
"5795","99"
"1345","23"
"1807","33"
"1695","29"
"6069","117"
"3582","84"
"800","15"
"11176","192"
"2179","165"
"9885","197"
"1960","35"
"260","5"
"9524","162"
"2064","38"
"9081","151"
"5848","23"
"3063","53"
"10294","157"
"3704","110"
"7512","129"
"95","68"
"7252","121"
"50","2"
"1390","100"
"7019","120"
"1467","54"
"9754","166"
"5855","25"
"3782","66"
"3006","52"
"4602","160"
"4442","170"
"5423","93"
"3487","61"
"9755","166"
"2411","168"
"560","97"
"357","8"
"711","13"
"1782","38"
"2826","9"
"3691","64"
"6476","112"
"1805","49"
"815","14"
"2123","38"
"7011","120"
"1258","44"
"8506","72"
"3076","54"
"10482","178"
"739","14"
"10635","181"
"11648","198"
"10392","177"
"1546","28"
"6013","151"
"2695","161"
"2600","72"
"1033","178"
"7562","129"
"3626","63"
"6493","112"
"1890","35"
"10069","172"
"2707","47"
"7026","120"
"10923","78"
"8109","17"
"8139","139"
"3301","57"
"3409","34"
"905","17"
"8421","144"
"11311","193"
"5156","89"
"3299","95"
"1534","198"
"11422","194"
"4535","135"
"2126","154"
"7679","131"
"9913","169"
"8511","135"
"2924","51"
"7189","121"
"430","27"
"2132","38"
"337","8"
"10425","177"
"590","74"
"10981","187"
"10048","174"
"7952","75"
"5337","120"
"61","143"
"4493","41"
"11186","190"
"4781","79"
"1800","32"
"1611","142"
"602","128"
"6002","40"
"7733","132"
"8244","141"
"3227","42"
"11258","192"
"9776","167"
"3414","59"
"4340","75"
"10302","175"
"5388","93"
"3455","60"
"6198","106"
"10529","170"
"1117","21"
"7756","116"
"2640","46"
"4179","72"
"11501","19"
"1483","27"
"1443","29"
"10973","187"
"7557","129"
"9763","166"
"10655","181"
"7884","137"
"3529","61"
"9272","158"
"6722","117"
"10600","180"
"2909","8"
"10522","179"
"4944","85"
"634","12"
"6744","130"
"6379","10"
"3607","63"
"9003","38"
"3820","66"
"6456","135"
"5739","98"
"797","15"
"9473","162"
"5137","88"
"10570","167"
"68","84"
"2650","47"
"4978","17"
"8069","73"
"3679","64"
"1993","36"
"8037","13"
"8501","185"
"11513","178"
"11430","195"
"3242","42"
"10621","94"
"4901","84"
"2959","48"
"5784","104"
"6893","130"
"921","17"
"556","9"
"6374","109"
"2281","40"
"2436","176"
"7580","130"
"1939","35"
"304","80"
"2059","152"
"3361","87"
"7095","122"
"9175","157"
"824","15"
"1843","31"
"4622","108"
"2503","72"
"3258","57"
"4132","45"
"1873","39"
"10235","168"
"6410","74"
"6837","130"
"5622","96"
"10151","161"
"1786","33"
"8199","140"
"9026","38"
"516","10"
"4741","97"
"10664","182"
"10703","182"
"2669","47"
"5383","92"
"10838","184"
"4144","72"
"2180","102"
"1913","34"
"7631","125"
"10749","183"
"3974","67"
"11180","187"
"11695","195"
"407","8"
"9728","166"
"4925","85"
"6640","4"
"4466","77"
"609","12"
"6453","111"
"7458","128"
"6119","92"
"4364","109"
"7552","120"
"9456","47"
"5041","101"
"8920","151"
"4986","8"
"6692","115"
"528","10"
"7975","136"
"9662","95"
"11679","199"
"7222","124"
"6385","110"
"1866","39"
"3573","61"
"9196","163"
"3384","93"
"6472","111"
"1190","105"
"7005","120"
"5933","67"
"7787","165"
"8817","149"
"5464","79"
"3800","60"
"5132","88"
"5422","93"
"5623","96"
"3593","60"
"3951","68"
"4141","71"
"2995","52"
"5532","95"
"2274","40"
"10910","78"
"3656","63"
"10454","155"
"9633","164"
"5106","88"
"1379","44"
"499","10"
"7675","131"
"4499","135"
"11165","190"
"4888","84"
"11169","190"
"578","11"
"10848","185"
"7866","134"
"1097","172"
"1220","4"
"5479","94"
"10729","184"
"2673","200"
"1708","31"
"2556","1"
"4533","78"
"840","16"
"155","2"
"3826","66"
"1797","109"
"8493","59"
"9327","159"
"10672","163"
"8100","138"
"3836","64"
"1014","19"
"3934","67"
"9016","155"
"6672","160"
"8223","139"
"4818","83"
"5062","87"
"4013","82"
"8727","129"
"11393","194"
"9045","154"
"9240","158"
"3683","62"
"3108","54"
"381","8"
"7242","128"
"2027","36"
"2127","38"
"7705","165"
"2792","9"
"7928","136"
"5898","101"
"3918","67"
"7836","134"
"9628","97"
"4108","72"
"2614","46"
"2869","50"
"6973","129"
"451","29"
"7199","128"
"1976","42"
"193","30"
"11658","195"
"3399","60"
"5625","96"
"708","27"
"2431","162"
"6329","96"
"5725","74"
"4200","73"
"8148","42"
"5574","96"
"8412","141"
"3809","94"
"2834","51"
"6724","119"
"6226","27"
"1482","14"
"9075","19"
"11114","120"
"11570","197"
"11137","190"
"5447","94"
"6454","111"
"1434","26"
"11329","193"
"5722","98"
"11741","20"
"2753","48"
"8156","139"
"1182","22"
"7858","134"
"3444","62"
"4270","164"
"7529","129"
"1894","34"
"3857","67"
"10568","180"
"3223","95"
"11597","195"
"7225","197"
"39","1"
"175","46"
"10911","186"
"4372","73"
"8061","19"
"1432","27"
"11011","187"
"11124","189"
"9739","166"
"8858","152"
"1062","74"
"5182","89"
"2773","134"
"9419","161"
"5853","137"
"10173","172"
"211","33"
"897","17"
"1876","122"
"9239","158"
"11463","195"
"1840","153"
"1257","23"
"2681","47"
"9180","156"
"2112","152"
"7219","124"
"8425","146"
"7342","54"
"5884","101"
"4730","25"
"4001","69"
"10089","151"
"6868","129"
"8531","144"
"9798","180"
"9984","75"
"6147","106"
"6136","105"
"9001","154"
"8752","162"
"185","136"
"1411","26"
"9848","168"
"4965","85"
"7346","128"
"3505","137"
"1612","29"
"830","15"
"7389","127"
"2475","72"
"1016","178"
"8856","154"
"2977","52"
"4642","82"
"10387","180"
"180","27"
"6093","199"
"7754","85"
"9334","159"
"3636","63"
"7431","127"
"803","15"
"8476","145"
"8356","145"
"11144","190"
"4999","80"
"11786","200"
"10056","168"
"2288","102"
"4120","91"
"4817","139"
"8487","143"
"10329","176"
"4610","82"
"65","84"
"2942","5"
"1158","97"
"1646","72"
"9455","161"
"7289","159"
"4053","70"
"7358","128"
"7783","133"
"5809","72"
"10930","185"
"1473","105"
"1916","120"
"9777","180"
"3287","57"
"7609","130"
"8011","21"
"10393","161"
"9514","168"
"8777","150"
"6229","27"
"6766","116"
"4816","83"
"565","11"
"9819","167"
"10898","185"
"1266","23"
"7879","73"
"8128","139"
"8571","146"
"7601","149"
"3842","69"
"9587","176"
"11749","200"
"9980","170"
"10825","133"
"3884","69"
"7506","128"
"1237","25"
"8959","155"
"1753","31"
"876","16"
"4101","72"
"1737","70"
"9854","168"
"6408","110"
"2489","92"
"1989","35"
"3097","54"
"4847","134"
"4292","74"
"9113","174"
"1177","105"
"5257","23"
"2606","45"
"4381","128"
"4400","76"
"1847","31"
"10359","176"
"10017","171"
"1718","31"
"6293","30"
"7020","150"
"2630","46"
"9730","165"
"2278","40"
"878","16"
"9428","161"
"8822","120"
"9602","160"
"9099","39"
"2799","137"
"1627","27"
"472","91"
"6947","129"
"9298","159"
"8934","170"
"2740","48"
"1102","161"
"7944","160"
"9883","168"
"3378","64"
"1448","26"
"4461","77"
"8763","150"
"1018","19"
"8992","153"
"7347","184"
"10751","183"
"5243","90"
"8182","140"
"8882","67"
"11399","194"
"1919","34"
"8741","149"
"3615","63"
"7253","124"
"183","42"
"4486","77"
"6100","105"
"5763","99"
"312","6"
"3269","136"
"3541","61"
"6712","102"
"4480","186"
"8993","154"
"749","14"
"11110","189"
"5125","183"
"3652","63"
"2783","9"
"8197","140"
"6314","30"
"10815","184"
"8654","4"
"11788","200"
"5134","88"
"2098","156"
"1956","17"
"10438","178"
"1743","33"
"7553","174"
"7963","138"
"5160","89"
"696","164"
"7223","140"
"7951","95"
"7032","128"
"9072","196"
"4065","80"
"8899","152"
"4481","77"
"1730","67"
"3711","31"
"3977","82"
"4089","72"
"11496","196"
"563","6"
"425","105"
"4359","75"
"7396","129"
"5550","95"
"1161","95"
"8497","63"
"5140","88"
"3680","2"
"5319","164"
"7775","133"
"4036","70"
"8988","164"
"10671","182"
"7815","134"
"4389","29"
"1610","9"
"2572","59"
"1656","4"
"101","23"
"5316","78"
"3771","65"
"6924","121"
"4746","82"
"3863","67"
"7051","183"
"4771","82"
"8876","39"
"1162","54"
"9416","161"
"7319","125"
"11587","195"
"2150","38"
"11310","195"
"9634","164"
"4618","80"
"2306","41"
"9303","159"
"9573","176"
"4874","84"
"2810","49"
"2596","89"
"6162","106"
"1261","23"
"4140","71"
"8260","146"
"2400","42"
"8481","145"
"4264","160"
"11130","189"
"6165","146"
"8049","138"
"1388","23"
"4797","49"
"832","15"
"7494","118"
"6474","112"
"3669","74"
"2495","137"
"6114","18"
"5712","98"
"7771","129"
"1099","20"
"1560","22"
"212","4"
"3110","54"
"3233","158"
"10925","186"
"2107","37"
"1948","35"
"7384","124"
"2880","50"
"4056","75"
"761","14"
"1556","28"
"4684","81"
"6716","178"
"8310","87"
"5810","31"
"958","18"
"4943","85"
"1050","54"
"6903","54"
"3292","57"
"11026","188"
"687","13"
"1760","31"
"10922","186"
"9976","170"
"9187","157"
"7081","121"
"2418","43"
"7356","133"
"139","8"
"7331","105"
"10569","180"
"1943","42"
"2737","48"
"3911","68"
"4795","42"
"7172","123"
"5867","101"
"1295","5"
"6009","103"
"5570","82"
"3566","65"
"11603","156"
"6371","95"
"10538","39"
"2913","51"
"6105","22"
"1777","33"
"4399","54"
"8558","146"
"8228","61"
"9136","156"
"10661","181"
"1651","27"
"5455","178"
"767","56"
"5538","96"
"4576","82"
"9170","161"
"1738","31"
"10565","180"
"7583","116"
"3982","197"
"4566","79"
"11534","196"
"7965","136"
"11160","192"
"9259","151"
"3552","62"
"11495","197"
"7772","133"
"9981","173"
"7661","131"
"9791","167"
"1648","27"
"2193","40"
"3885","67"
"2371","139"
"7793","133"
"7743","33"
"2307","41"
"1995","36"
"186","105"
"6036","37"
"5941","102"
"2599","46"
"4960","85"
"330","7"
"7865","134"
"2532","45"
"1570","28"
"8844","151"
"8136","17"
"5411","93"
"6856","16"
"7391","127"
"5309","164"
"7224","124"
"9775","167"
"1983","35"
"2511","86"
"7927","42"
"7060","120"
"10427","177"
"3879","69"
"3483","84"
"10082","172"
"7932","136"
"2875","24"
"314","6"
"246","95"
"2897","51"
"589","149"
"8659","54"
"2201","156"
"4110","1"
"3797","106"
"1733","160"
"5321","193"
"3492","65"
"6076","63"
"38","1"
"1","1"
"5499","94"
"7901","135"
"10480","178"
"11336","193"
"11005","187"
"8474","145"
"6217","23"
"1755","128"
"4189","23"
"7895","135"
"1851","31"
"10239","174"
"5954","40"
"1044","19"
"1832","49"
"8155","42"
"4789","97"
"11234","191"
"2784","91"
"6755","116"
"4560","79"
"10699","182"
"6415","110"
"5487","106"
"1859","33"
"6650","114"
"6948","119"
"4666","80"
"7441","127"
"9768","96"
"9987","170"
"4319","87"
"6145","106"
"5169","89"
"2670","47"
"11483","195"
"3058","53"
"4866","84"
"4384","115"
"9767","96"
"2062","43"
"7500","165"
"9891","169"
"1038","154"
"4226","73"
"2020","36"
"3600","147"
"1969","35"
"3433","185"
"279","5"
"11285","192"
"10231","174"
"5232","90"
"4766","82"
"909","17"
"2035","36"
"6571","171"
"961","151"
"11362","122"
"9177","157"
"3489","24"
"1269","23"
"5640","97"
"11620","198"
"6923","130"
"7894","76"
"1057","162"
"14","25"
"6579","121"
"10318","176"
"8864","164"
"3216","35"
"3576","66"
"7350","149"
"7251","124"
"5471","178"
"4811","83"
"3592","64"
"1485","27"
"7974","136"
"10673","182"
"10473","178"
"2226","178"
"6870","114"
"1728","74"
"2744","48"
"10881","185"
"9401","160"
"5282","178"
"4936","85"
"5525","96"
"10337","176"
"11253","128"
"8525","144"
"10501","179"
"2736","48"
"7497","128"
"10577","161"
"11712","120"
"4451","48"
"2040","192"
"5193","86"
"688","13"
"5034","87"
"1959","35"
"3749","142"
"4785","82"
"8909","152"
"10112","172"
"1987","35"
"458","14"
"8873","152"
"11654","197"
"8895","149"
"11684","120"
"8923","173"
"2474","25"
"9659","165"
"4793","17"
"1046","19"
"4176","72"
"8468","145"
"8945","179"
"11212","191"
"5683","97"
"4890","106"
"9278","158"
"8783","130"
"10084","54"
"8143","57"
"11547","120"
"9759","166"
"3403","64"
"11080","189"
"737","14"
"3066","51"
"773","14"
"5942","102"
"11187","192"
"10285","173"
"10011","174"
"1212","105"
"2010","36"
"6875","130"
"9534","176"
"3989","67"
"9614","164"
"2892","51"
"10381","167"
"5468","94"
"4025","70"
"4419","19"
"10296","175"
"8802","183"
"9102","31"
"3953","128"
"4690","81"
"4525","135"
"9109","37"
"6437","110"
"4778","82"
"2979","52"
"5972","40"
"7906","130"
"7434","127"
"3522","61"
"4307","73"
"11209","191"
"12","83"
"10042","171"
"4377","116"
"8719","149"
"1193","22"
"7083","121"
"4728","81"
"4207","73"
"743","14"
"1804","33"
"9849","168"
"8706","149"
"6760","15"
"5537","95"
"3515","61"
"1119","21"
"3908","68"
"2900","51"
"6908","56"
"8210","56"
"7112","33"
"3377","66"
"8968","178"
"11029","189"
"6765","116"
"8504","145"
"3914","139"
"5227","90"
"10773","159"
"3419","64"
"3831","66"
"3543","61"
"2072","37"
"9258","164"
"3331","58"
"1451","4"
"1144","97"
"9905","169"
"10077","172"
"1421","26"
"5714","98"
"5820","100"
"8821","120"
"6150","93"
"7483","128"
"11284","192"
"11544","193"
"157","2"
"7447","128"
"3231","56"
"3899","67"
"11246","35"
"3923","40"
"17","72"
"4277","15"
"10936","186"
"10678","182"
"7956","164"
"454","25"
"6486","111"
"3298","57"
"10313","176"
"5213","90"
"9389","160"
"9194","175"
"1660","25"
"848","16"
"2413","151"
"440","135"
"11374","194"
"8118","139"
"11138","190"
"7502","128"
"9168","156"
"968","18"
"4905","84"
"7094","91"
"5938","40"
"435","9"
"4962","76"
"10439","178"
"3705","66"
"572","199"
"9785","167"
"5928","135"
"1550","22"
"5051","87"
"2636","45"
"9198","157"
"11301","105"
"3404","185"
"4322","75"
"1180","22"
"6346","109"
"8404","141"
"10576","180"
"3228","42"
"6545","111"
"7931","136"
"4586","94"
"6695","102"
"7684","119"
"9246","158"
"4915","85"
"6559","74"
"10596","167"
"10364","176"
"8227","91"
"3673","45"
"308","6"
"11567","197"
"6621","164"
"3883","67"
"5749","104"
"9443","96"
"1086","20"
"1678","72"
"8604","147"
"1518","128"
"7212","129"
"11070","188"
"4002","69"
"8097","138"
"9490","176"
"10938","186"
"5094","163"
"2329","41"
"4648","80"
"1856","33"
"11586","197"
"969","18"
"7913","103"
"5344","92"
"5291","94"
"7753","85"
"1372","23"
"9761","166"
"11327","196"
"2548","45"
"2607","46"
"5209","143"
"9877","168"
"356","8"
"3022","106"
"10889","185"
"8137","139"
"8216","140"
"6561","112"
"11052","188"
"2765","179"
"6842","132"
"2796","74"
"8979","178"
"8426","146"
"1041","178"
"5909","101"
"3037","53"
"10900","185"
"2360","42"
"4305","14"
"3386","60"
"7722","121"
"6289","108"
"161","86"
"11704","199"
"10131","173"
"11656","94"
"11062","188"
"7284","125"
"1630","26"
"9796","161"
"7386","124"
"9310","165"
"2655","47"
"7644","35"
"1292","72"
"8189","42"
"4755","79"
"944","42"
"11203","191"
"8788","149"
"3342","8"
"4863","84"
"1924","136"
"10668","182"
"7130","197"
"1593","30"
"2092","37"
"4644","80"
"6711","117"
"4487","77"
"6201","58"
"3870","67"
"644","12"
"1783","137"
"3798","60"
"5103","88"
"346","8"
"6227","9"
"5734","98"
"6497","138"
"6852","87"
"8188","140"
"2389","42"
"2129","38"
"7037","121"
"4971","52"
"7177","123"
"9835","168"
"11747","200"
"4949","100"
"5616","161"
"2846","51"
"8380","145"
"2868","50"
"4313","74"
"5120","88"
"6469","111"
"4441","77"
"7321","129"
"757","160"
"11461","40"
"370","6"
"3993","139"
"2904","50"
"7697","132"
"7478","105"
"4213","73"
"6115","105"
"11338","178"
"4368","200"
"9467","161"
"5797","159"
"1249","23"
"6029","87"
"8726","129"
"11701","120"
"6276","29"
"513","10"
"5478","155"
"1814","149"
"10829","184"
"8175","140"
"4375","151"
"880","95"
"2915","51"
"6701","117"
"9147","156"
"10432","178"
"6308","29"
"7487","174"
"2348","41"
"11771","200"
"7155","123"
"10581","180"
"8253","146"
"7056","121"
"251","5"
"6953","118"
"8224","140"
"9149","156"
"2186","40"
"1947","35"
"8651","148"
"3062","53"
"5952","39"
"2438","156"
"2111","40"
"5759","99"
"6521","112"
"9270","158"
"1618","29"
"6898","195"
"7949","136"
"6717","131"
"9637","137"
"7749","133"
"11320","195"
"9868","168"
"6897","130"
"6038","183"
"2648","46"
"8367","147"
"4330","75"
"10868","185"
"1520","30"
"9370","160"
"11078","189"
"2468","161"
"9476","162"
"7110","56"
"4496","135"
"255","5"
"6913","119"
"4287","74"
"9096","178"
"4592","73"
"2128","38"
"271","90"
"11444","105"
"11780","20"
"11032","188"
"4751","82"
"4102","25"
"9230","97"
"9983","161"
"8082","160"
"9053","155"
"6528","74"
"7857","134"
"10865","185"
"583","29"
"8469","106"
"4976","86"
"7978","42"
"6422","110"
"7785","133"
"5597","96"
"4601","79"
"1132","21"
"11384","194"
"4040","70"
"10618","170"
"11259","192"
"9132","156"
"3927","36"
"11757","161"
"3170","55"
"4308","49"
"10088","162"
"4783","80"
"5399","93"
"11419","194"
"3667","60"
"10506","166"
"11783","200"
"7408","127"
"3766","106"
"11470","193"
"839","16"
"5081","184"
"8999","68"
"1275","90"
"8865","151"
"4611","80"
"9758","166"
"11145","190"
"8488","147"
"536","10"
"3804","66"
"1096","20"
"3218","42"
"1793","33"
"10080","172"
"9008","38"
"24","1"
"8326","142"
"8658","148"
"5296","102"
"1075","162"
"4413","129"
"8278","143"
"1594","134"
"11525","196"
"4875","2"
"10274","157"
"4204","73"
"8887","151"
"2525","87"
"692","169"
"2938","51"
"8565","146"
"6808","124"
"7091","118"
"11208","189"
"2858","1"
"1862","59"
"5735","98"
"3112","54"
"4846","139"
"6789","159"
"8319","151"
"6872","195"
"19","1"
"5328","105"
"8111","139"
"8826","152"
"3758","1"
"2380","82"
"1391","106"
"8051","138"
"6473","33"
"1909","193"
"2104","38"
"11775","200"
"10726","183"
"9689","165"
"10935","186"
"7725","122"
"1502","19"
"2206","152"
"11581","197"
"10779","184"
"1836","32"
"8644","55"
"439","27"
"2763","48"
"2160","38"
"3526","65"
"2410","42"
"4315","137"
"7842","54"
"8633","147"
"1350","108"
"4637","72"
"6420","110"
"9049","154"
"8382","145"
"11593","197"
"1025","19"
"3960","69"
"4088","72"
"9061","31"
"1323","24"
"3446","61"
"4720","81"
"6163","146"
"226","74"
"5346","80"
"9433","161"
"6344","109"
"8986","168"
"6274","108"
"9325","67"
"9128","156"
"10367","161"
"2906","136"
"5787","99"
"913","17"
"229","116"
"1917","34"
"8196","139"
"11335","193"
"3494","61"
"6067","196"
"1602","128"
"6967","197"
"10390","177"
"6255","27"
"638","12"
"3698","60"
"8867","151"
"2412","156"
"5805","100"
"6501","111"
"9816","167"
"8284","94"
"7680","39"
"3150","96"
"8620","147"
"6762","165"
"6451","111"
"6816","196"
"1150","136"
"1183","18"
"8984","152"
"10185","121"
"11031","192"
"10196","168"
"10857","185"
"1442","134"
"10746","11"
"6796","149"
"10547","180"
"709","13"
"4584","79"
"9504","168"
"2887","50"
"6894","135"
"3368","60"
"2081","40"
"3251","97"
"1446","4"
"3244","42"
"1289","25"
"2622","58"
"7126","67"
"5061","87"
"1900","133"
"6425","149"
"2171","40"
"5598","96"
"11163","190"
"3686","64"
"9550","162"
"9380","162"
"5755","99"
"11270","81"
"360","7"
"1319","5"
"473","29"
"1748","43"
"4152","76"
"6033","103"
"4295","74"
"2457","43"
"6550","111"
"9266","158"
"7481","165"
"883","16"
"6940","56"
"6932","130"
"10875","69"
"6047","104"
"5999","103"
"8952","164"
"3039","53"
"11564","193"
"3472","62"
"2589","45"
"9718","166"
"5510","95"
"8617","147"
"6859","8"
"978","168"
"6263","108"
"948","17"
"10937","186"
"6910","35"
"3045","53"
"1265","23"
"7007","34"
"962","18"
"10535","165"
"704","27"
"8362","185"
"627","12"
"6615","94"
"7357","128"
"8608","147"
"5102","96"
"10272","157"
"8028","137"
"4913","85"
"1127","21"
"6197","106"
"2250","40"
"1492","19"
"8872","69"
"6827","117"
"6051","159"
"9172","165"
"7987","137"
"9131","156"
"5786","99"
"2273","43"
"9668","165"
"3499","61"
"11307","192"
"7138","122"
"2981","52"
"4725","81"
"1066","70"
"34","52"
"2390","42"
"1915","106"
"6901","42"
"11213","191"
"7072","120"
"2552","45"
"1154","42"
"7505","164"
"1169","158"
"5665","97"
"2590","46"
"4187","72"
"1136","15"
"10521","157"
"3639","63"
"779","14"
"8444","146"
"11048","189"
"5924","40"
"11595","197"
"10408","177"
"3871","67"
"448","11"
"3050","51"
"5254","90"
"9978","75"
"9654","165"
"6862","129"
"3929","68"
"2497","72"
"7405","128"
"11370","194"
"9216","162"
"3527","34"
"5161","89"
"2216","37"
"8372","137"
"10669","182"
"48","71"
"2812","108"
"9399","160"
"108","44"
"2285","40"
"9280","158"
"5376","72"
"2294","41"
"1005","178"
"6112","105"
"11205","191"
"1964","140"
"4318","75"
"10174","179"
"2531","93"
"9813","161"
"538","97"
"2940","24"
"11711","199"
"3742","66"
"9353","19"
"8747","149"
"4327","75"
"10307","173"
"10177","173"
"9649","164"
"6646","137"
"1985","35"
"1962","35"
"584","11"
"5986","49"
"3071","14"
"462","49"
"8554","146"
"6525","102"
"10514","178"
"1536","28"
"6129","105"
"8242","146"
"514","10"
"6833","130"
"9294","152"
"10210","176"
"10147","173"
"4177","87"
"9856","161"
"9554","176"
"8776","129"
"1240","25"
"6211","29"
"6677","146"
"4503","78"
"1364","23"
"9593","159"
"2315","41"
"6459","137"
"8283","146"
"9610","164"
"4430","22"
"4228","73"
"799","15"
"4366","75"
"6569","131"
"2934","51"
"9309","159"
"2662","47"
"5903","101"
"11263","192"
"858","149"
"1352","40"
"10059","43"
"8140","139"
"4118","92"
"4796","83"
"2852","50"
"7306","125"
"8575","144"
"1137","32"
"9756","95"
"8246","146"
"1301","24"
"8079","138"
"3649","93"
"8204","42"
"2507","25"
"3983","69"
"5608","96"
"805","15"
"5901","101"
"6086","120"
"8618","106"
"5290","135"
"11630","38"
"7100","122"
"8308","72"
"3840","152"
"7372","127"
"5529","96"
"9453","161"
"5299","11"
"7991","137"
"2696","96"
"1867","33"
"6164","106"
"11122","189"
"1829","31"
"10485","180"
"10591","173"
"8093","73"
"5632","97"
"1215","105"
"10517","179"
"5653","97"
"348","6"
"5266","41"
"8613","147"
"11373","194"
"9934","169"
"1861","33"
"3454","73"
"9717","166"
"8775","150"
"4186","1"
"9542","176"
"3666","60"
"10563","180"
"3880","68"
"2239","137"
"10351","176"
"8388","143"
"7799","133"
"6688","39"
"5389","93"
"901","17"
"933","56"
"2926","51"
"3081","10"
"3623","63"
"9569","128"
"10130","67"
"10525","179"
"92","1"
"5555","161"
"7167","128"
"8213","42"
"7476","128"
"11200","191"
"664","174"
"11046","188"
"9552","176"
"8492","143"
"11437","195"
"6791","116"
"9362","74"
"4679","72"
"5025","86"
"1614","49"
"5509","95"
"5331","92"
"4675","81"
"1043","178"
"9451","161"
"8978","153"
"9110","179"
"6221","29"
"2445","39"
"11068","188"
"7620","151"
"10219","179"
"686","108"
"8596","106"
"2358","42"
"2561","72"
"1844","33"
"10137","173"
"3779","62"
"4246","160"
"7943","137"
"1234","22"
"5110","121"
"2327","41"
"6212","128"
"4225","164"
"7000","120"
"5386","93"
"405","8"
"10902","186"
"2260","40"
"5634","97"
"11081","189"
"10906","186"
"5769","183"
"5983","103"
"4731","81"
"2336","38"
"8723","149"
"7302","131"
"4939","85"
"2442","68"
"4624","80"
"9772","167"
"11709","199"
"10684","182"
"10465","178"
"10316","176"
"7457","128"
"5730","98"
"3859","67"
"8926","152"
"2776","11"
"1416","11"
"10358","176"
"4843","83"
"6703","115"
"4373","108"
"1568","28"
"57","2"
"6152","106"
"11267","13"
"3226","42"
"915","17"
"6596","127"
"1413","26"
"5028","87"
"10572","180"
"11458","195"
"6138","105"
"4145","2"
"5318","160"
"5706","98"
"2579","45"
"4932","193"
"3631","63"
"9355","160"
"10869","185"
"1666","10"
"1927","149"
"5923","39"
"3329","19"
"3344","87"
"8399","144"
"5373","25"
"3708","49"
"10456","43"
"10380","177"
"8352","143"
"493","5"
"492","10"
"5987","102"
"10041","171"
"8971","94"
"6434","110"
"5451","73"
"7137","91"
"4447","77"
"4043","70"
"4585","82"
"6173","8"
"1478","29"
"3166","55"
"449","9"
"10464","178"
"7443","159"
"510","80"
"5276","72"
"11649","19"
"1209","22"
"8232","141"
"11016","188"
"179","4"
"6999","171"
"7159","125"
"8333","75"
"4304","74"
"6298","1"
"4623","82"
"854","16"
"2244","40"
"1551","28"
"1997","36"
"5731","98"
"4516","152"
"3585","65"
"8365","145"
"6236","9"
"6577","128"
"7463","133"
"8695","148"
"932","42"
"7970","136"
"7034","128"
"5644","186"
"2574","143"
"774","14"
"3222","35"
"7647","123"
"4836","83"
"10496","14"
"1958","35"
"6505","185"
"7047","124"
"4365","75"
"170","72"
"8077","138"
"5195","89"
"9137","156"
"10371","177"
"8126","42"
"6310","27"
"8040","137"
"5741","98"
"3490","61"
"6708","117"
"10138","173"
"8825","151"
"5225","44"
"5078","23"
"6740","198"
"7369","183"
"9720","87"
"7169","123"
"1652","193"
"2839","110"
"2866","50"
"1628","29"
"8349","146"
"90","2"
"10361","176"
"11662","198"
"1012","9"
"3417","60"
"11766","200"
"1507","30"
"2256","133"
"8293","146"
"6016","103"
"2674","47"
"4033","70"
"3937","67"
"7510","184"
"2712","48"
"9181","157"
"4594","82"
"5638","97"
"7451","128"
"9643","151"
"7266","129"
"6841","131"
"7989","137"
"4829","83"
"7655","127"
"2194","39"
"2170","38"
"5760","129"
"7511","129"
"6593","113"
"11737","162"
"1463","79"
"6269","10"
"11357","197"
"10417","177"
"11278","192"
"2824","49"
"2803","49"
"2370","42"
"3991","67"
"7782","132"
"10631","164"
"7170","124"
"3856","68"
"1725","161"
"8808","183"
"3768","65"
"1490","76"
"8669","148"
"10534","168"
"6376","109"
"1487","29"
"7317","99"
"11297","8"
"10616","181"
"1563","40"
"3445","60"
"6806","130"
"4885","84"
"1313","5"
"11128","189"
"54","1"
"7851","14"
"4336","75"
"10098","172"
"8234","144"
"4351","75"
"11519","92"
"624","12"
"721","54"
"6551","41"
"11410","149"
"8225","140"
"11380","194"
"9338","159"
"3372","106"
"11010","187"
"4371","75"
"846","16"
"2379","42"
"5626","95"
"4889","145"
"373","57"
"457","49"
"9773","167"
"4294","74"
"7981","97"
"6315","108"
"9997","170"
"11125","189"
"1625","23"
"1199","22"
"3327","58"
"9352","160"
"7533","129"
"6978","120"
"2988","102"
"7013","35"
"3359","58"
"9385","135"
"11687","199"
"6801","117"
"9279","158"
"5198","89"
"1335","24"
"10178","173"
"6949","119"
"11577","33"
"4298","74"
"9539","176"
"5390","93"
"3651","63"
"2902","51"
"9918","169"
"5633","96"
"1655","9"
"3179","55"
"6912","130"
"9640","165"
"10377","177"
"6850","178"
"9676","196"
"6981","120"
"468","128"
"9838","168"
"10391","177"
"3717","60"
"10650","181"
"4115","23"
"4759","82"
"2134","40"
"2675","96"
"7588","130"
"6241","142"
"4982","86"
"11486","195"
"6799","178"
"1072","20"
"949","42"
"5551","95"
"9179","180"
"3987","197"
"119","65"
"9972","156"
"2158","37"
"2355","42"
"3851","139"
"9790","167"
"3668","64"
"3622","3"
"2836","50"
"10094","172"
"8013","137"
"2992","52"
"8173","140"
"9907","169"
"8386","91"
"2093","40"
"844","95"
"2057","197"
"5649","96"
"5027","87"
"9837","168"
"6341","109"
"10585","180"
"6389","91"
"804","54"
"6484","200"
"8505","84"
"3514","7"
"8348","143"
"10055","171"
"8495","143"
"9319","97"
"6504","78"
"1937","35"
"11379","105"
"7973","96"
"2283","40"
"9742","166"
"11041","188"
"1342","24"
"7277","131"
"1561","28"
"4987","81"
"7864","134"
"6964","197"
"165","3"
"5219","90"
"1901","34"
"6982","120"
"217","4"
"2680","96"
"5817","100"
"4593","79"
"29","58"
"3793","25"
"7424","127"
"9173","157"
"3351","17"
"8029","137"
"2148","152"
"8678","148"
"10990","87"
"7947","137"
"7548","183"
"5615","96"
"8528","111"
"4106","143"
"3420","159"
"8627","106"
"8841","151"
"5856","106"
"6199","8"
"5218","90"
"9597","164"
"2738","48"
"8195","140"
"7280","125"
"1865","70"
"5672","97"
"847","16"
"10608","99"
"129","27"
"10627","178"
"442","74"
"7856","14"
"5799","99"
"517","188"
"5060","87"
"134","142"
"2476","44"
"7442","127"
"11514","197"
"5122","88"
"8332","145"
"1776","109"
"1531","128"
"8095","138"
"731","14"
"8397","143"
"8428","144"
"11735","200"
"9495","162"
"5989","76"
"3550","59"
"4833","83"
"3436","45"
"8930","152"
"7994","15"
"4831","83"
"4671","80"
"5457","178"
"5188","89"
"2963","52"
"8665","149"
"6155","106"
"3350","58"
"1615","29"
"9329","183"
"5207","8"
"4046","74"
"7734","159"
"4021","70"
"7102","129"
"9989","173"
"33","72"
"1884","197"
"9482","162"
"9528","168"
"8135","140"
"8454","141"
"6733","130"
"1811","32"
"7715","132"
"11225","191"
"10993","187"
"7808","134"
"6104","105"
"9015","164"
"5677","97"
"5002","178"
"10320","176"
"8611","147"
"277","5"
"3146","55"
"9509","88"
"1693","67"
"4408","178"
"5664","96"
"10389","177"
"11442","130"
"9500","162"
"2538","84"
"753","14"
"1513","183"
"10","73"
"11637","198"
"5192","44"
"2801","136"
"6232","142"
"522","10"
"2084","197"
"9673","165"
"6696","129"
"6340","77"
"703","108"
"11191","191"
"3257","57"
"4215","73"
"11453","193"
"3442","135"
"2804","49"
"5949","39"
"10090","172"
"11531","193"
"6015","38"
"5066","87"
"11028","188"
"7582","130"
"5332","92"
"8849","15"
"885","54"
"10218","174"
"787","103"
"3408","11"
"3723","84"
"11505","22"
"7669","120"
"6384","110"
"10317","176"
"521","80"
"5679","97"
"6836","159"
"3291","109"
"6996","120"
"8897","162"
"4247","74"
"11372","58"
"8859","151"
"5154","89"
"5412","93"
"6630","41"
"8748","16"
"3057","111"
"6992","120"
"8447","33"
"1559","187"
"4926","85"
"6304","3"
"11331","56"
"6747","149"
"3763","137"
"3105","54"
"6054","149"
"509","10"
"3282","165"
"7520","130"
"6866","130"
"9208","157"
"10201","128"
"697","13"
"2258","96"
"10006","152"
"8503","143"
"2298","41"
"47","143"
"3992","67"
"10549","180"
"8200","140"
"8443","144"
"3302","57"
"3128","54"
"10856","87"
"9733","166"
"2377","42"
"8433","146"
"2581","45"
"4153","23"
"2802","29"
"3319","1"
"11559","197"
"9413","47"
"9219","20"
"4335","75"
"707","13"
"5448","164"
"6262","30"
"6846","130"
"4588","82"
"10721","97"
"3511","61"
"4250","74"
"11255","192"
"3259","5"
"983","18"
"9716","166"
"7636","131"
"4774","82"
"5728","98"
"2031","105"
"1325","23"
"350","7"
"6997","120"
"2290","44"
"5715","96"
"3410","59"
"6405","110"
"10919","33"
"2366","42"
"7198","99"
"7473","128"
"11353","140"
"2541","3"
"9510","162"
"745","73"
"9140","161"
"9459","161"
"9865","168"
"447","23"
"10987","30"
"9908","169"
"7999","97"
"4517","103"
"6380","95"
"6279","30"
"1497","29"
"3328","198"
"10882","84"
"22","52"
"2760","48"
"498","10"
"8880","172"
"10028","154"
"4589","79"
"7907","102"
"4504","78"
"5165","22"
"9356","160"
"3632","63"
"7133","122"
"9584","176"
"2249","40"
"3521","61"
"4983","62"
"8664","148"
"3722","64"
"4605","79"
"8803","149"
"9872","168"
"2450","43"
"4891","65"
"3985","189"
"977","18"
"8757","128"
"5090","88"
"8424","145"
"9033","154"
"5976","102"
"2631","86"
"4073","70"
"6618","178"
"4052","160"
"5283","41"
"9927","169"
"5320","135"
"2415","40"
"3603","193"
"1828","38"
"4798","83"
"25","68"
"7148","122"
"8623","147"
"11051","188"
"7841","134"
"325","7"
"10222","174"
"3896","67"
"10554","176"
"7018","120"
"7603","130"
"3978","69"
"3267","57"
"651","12"
"7486","128"
"2725","48"
"1226","105"
"2454","75"
"9520","173"
"8346","147"
"2547","45"
"8785","150"
"7413","127"
"3549","62"
"6492","111"
"1170","49"
"5692","98"
"8393","143"
"1538","28"
"11223","191"
"8529","143"
"10453","19"
"8780","150"
"2569","45"
"9943","38"
"3477","60"
"5791","99"
"8168","140"
"3638","94"
"171","178"
"532","10"
"3280","57"
"6750","116"
"6467","102"
"394","8"
"1659","137"
"9183","167"
"4050","70"
"4579","79"
"7801","133"
"6193","106"
"5740","95"
"11632","198"
"2920","51"
"10419","170"
"4098","94"
"6378","109"
"1555","28"
"11352","193"
"3135","55"
"4967","86"
"2427","37"
"236","40"
"6098","105"
"2437","154"
"3554","45"
"6581","124"
"3530","5"
"6526","160"
"1271","25"
"11773","200"
"11504","196"
"8922","152"
"7162","128"
"3677","110"
"5104","88"
"8330","84"
"11133","190"
"8883","178"
"7526","129"
"8812","150"
"8364","143"
"4285","74"
"5823","100"
"2752","48"
"10793","184"
"5372","92"
"10786","159"
"4710","81"
"11004","187"
"9323","159"
"5220","90"
"8760","149"
"1479","134"
"11653","194"
"1281","23"
"7882","40"
"2145","68"
"7085","121"
"3354","17"
"11296","192"
"11085","189"
"2764","48"
"11002","187"
"9403","116"
"9487","179"
"2709","47"
"6527","111"
"1542","149"
"7184","128"
"4333","75"
"4651","80"
"1942","35"
"9159","156"
"11520","193"
"6738","130"
"10985","187"
"3685","84"
"8791","149"
"8331","110"
"6718","128"
"7452","128"
"8282","143"
"4048","70"
"11184","190"
"765","14"
"4872","93"
"4709","81"
"7174","123"
"5489","178"
"8300","29"
"1047","193"
"1138","67"
"11482","195"
"3154","55"
"10592","180"
"9991","173"
"6270","29"
"132","160"
"5568","96"
"6317","46"
"8937","179"
"240","5"
"1629","49"
"6602","121"
"8862","151"
"11551","197"
"10745","183"
"2609","46"
"5801","54"
"6087","104"
"3619","144"
"4083","65"
"5971","67"
"7681","131"
"4989","86"
"646","12"
"434","9"
"2303","137"
"4606","79"
"5113","88"
"5434","93"
"1477","74"
"11100","189"
"8729","149"
"234","27"
"3321","90"
"4995","86"
"1853","33"
"5191","1"
"5435","93"
"10861","186"
"10010","166"
"5614","161"
"9555","176"
"11231","191"
"2374","42"
"8690","148"
"6056","105"
"10211","174"
"3137","47"
"9690","97"
"6116","105"
"4311","74"
"8149","17"
"9301","159"
"372","57"
"231","25"
"5335","22"
"8465","145"
"6645","103"
"351","6"
"8998","154"
"6920","125"
"6160","106"
"2030","149"
"2830","50"
"8640","147"
"573","11"
"7292","149"
"191","166"
"3475","60"
"550","11"
"3032","53"
"4262","74"
"9591","164"
"1164","21"
"4014","67"
"7291","129"
"3568","84"
"10537","179"
"5863","100"
"4722","114"
"10064","171"
"2624","46"
"1791","74"
"5247","90"
"5748","124"
"9011","130"
"3940","40"
"4991","189"
"8423","106"
"422","8"
"6970","34"
"10647","168"
"10221","174"
"10323","176"
"2806","49"
"637","12"
"8268","178"
"1179","105"
"9787","167"
"5005","86"
"3379","65"
"8357","145"
"3538","66"
"5506","95"
"4386","76"
"7710","67"
"10039","171"
"838","16"
"5515","95"
"8939","173"
"2276","102"
"3413","143"
"10929","186"
"9397","164"
"5497","94"
"3192","56"
"674","128"
"10477","178"
"9577","176"
"7891","74"
"4087","72"
"2282","34"
"5085","87"
"3834","93"
"1054","153"
"10611","97"
"7092","184"
"2594","58"
"3323","143"
"8185","140"
"940","17"
"9529","176"
"5133","88"
"5757","184"
"10654","184"
"5216","51"
"4687","81"
"8542","147"
"7724","132"
"11222","191"
"11672","88"
"2481","72"
"9870","169"
"998","19"
"239","7"
"11230","191"
"7950","96"
"2711","48"
"2583","45"
"1128","137"
"9347","81"
"5669","97"
"4545","135"
"3729","65"
"210","128"
"10167","161"
"3182","55"
"9800","176"
"7565","159"
"2318","137"
"11764","162"
"5685","96"
"9493","173"
"6735","116"
"7602","164"
"11077","139"
"1643","74"
"4455","98"
"8778","91"
"2618","46"
"8439","144"
"4733","79"
"1682","29"
"10150","148"
"2485","90"
"2961","52"
"9942","169"
"2705","161"
"1846","33"
"1454","11"
"9098","153"
"9876","168"
"1845","74"
"10515","173"
"6297","29"
"8552","84"
"8675","148"
"7573","122"
"6991","120"
"7190","123"
"6628","114"
"9778","180"
"3239","56"
"11241","191"
"5214","8"
"6881","35"
"1694","25"
"11315","197"
"8739","149"
"4884","84"
"526","10"
"5682","96"
"9843","168"
"3067","51"
"8578","200"
"8086","138"
"6653","91"
"11204","191"
"6595","127"
"10142","162"
"2774","149"
"9054","178"
"10068","96"
"10955","31"
"4856","45"
"6259","29"
"1798","33"
"7329","176"
"4527","164"
"3148","55"
"6207","30"
"5789","173"
"3469","60"
"2559","65"
"3994","83"
"133","1"
"7422","184"
"6159","8"
"7449","128"
"5605","98"
"10268","176"
"5654","105"
"7255","124"
"10797","115"
"1698","49"
"156","108"
"9631","164"
"3080","54"
"11651","97"
"3191","149"
"44","1"
"10205","174"
"4862","84"
"10762","184"
"5929","40"
"2967","90"
"7984","138"
"2236","40"
"11476","195"
"4739","25"
"10301","176"
"2195","156"
"3562","63"
"6519","138"
"4210","74"
"3664","63"
"10449","19"
"2376","82"
"643","12"
"3411","59"
"59","1"
"3633","63"
"7017","114"
"3357","58"
"6252","29"
"11182","190"
"11118","17"
"8396","143"
"10719","173"
"2952","52"
"10489","182"
"7153","18"
"3294","57"
"4650","137"
"9368","13"
"7737","132"
"8771","150"
"10886","185"
"3364","58"
"2873","50"
"11450","195"
"656","161"
"6281","108"
"11172","190"
"5502","130"
"4488","103"
"7344","178"
"11055","188"
"6019","102"
"4940","85"
"3855","67"
"7614","56"
"11526","199"
"9611","160"
"5491","94"
"1397","192"
"6412","110"
"162","2"
"4865","144"
"1409","188"
"7395","124"
"9057","155"
"8586","147"
"3317","74"
"3844","40"
"10688","182"
"9377","74"
"7874","135"
"9103","178"
"9297","159"
"2874","50"
"7054","121"
"7131","165"
"8451","114"
"4339","75"
"3876","94"
"91","145"
"2209","37"
"1906","34"
"7450","128"
"1893","17"
"2632","86"
"10641","181"
"7096","130"
"3654","64"
"4281","74"
"8629","147"
"8054","73"
"2207","102"
"8581","146"
"705","13"
"2168","77"
"10557","180"
"93","2"
"5610","96"
"11343","193"
"2540","93"
"7897","135"
"4378","64"
"9743","97"
"5871","101"
"6642","130"
"2203","43"
"5694","177"
"352","7"
"1665","29"
"8672","148"
"5456","74"
"8996","94"
"2710","48"
"9034","154"
"7403","127"
"5837","100"
"1506","134"
"6113","105"
"9931","152"
"1558","183"
"11528","196"
"2074","37"
"3151","55"
"9130","156"
"7660","131"
"5013","1"
"387","8"
"3133","96"
"8277","141"
"7701","132"
"9378","164"
"6342","162"
"7539","129"
"3577","46"
"3101","54"
"11494","195"
"4464","200"
"9619","164"
"9238","158"
"5959","102"
"11699","199"
"4824","83"
"4577","158"
"1871","33"
"11033","188"
"2146","38"
"3391","65"
"1394","25"
"4600","79"
"6709","39"
"3531","56"
"8021","128"
"3153","55"
"8973","172"
"11348","195"
"3358","90"
"9492","172"
"6413","110"
"2778","4"
"9817","167"
"5167","89"
"2043","36"
"4696","81"
"3596","146"
"1109","162"
"8027","195"
"2851","51"
"10667","173"
"10879","185"
"7330","149"
"567","164"
"11639","195"
"4009","17"
"7025","120"
"7354","127"
"2818","128"
"2268","69"
"9714","165"
"8990","178"
"1400","45"
"10974","187"
"6512","135"
"3579","142"
"4626","80"
"5650","97"
"9262","158"
"9073","178"
"6778","116"
"8432","146"
"8593","147"
"9038","31"
"9820","173"
"10770","159"
"5343","105"
"1376","72"
"5347","92"
"9904","169"
"3496","61"
"6613","114"
"9349","105"
"7802","133"
"9124","156"
"3648","63"
"6802","116"
"10343","176"
"1784","33"
"3004","52"
"4500","102"
"2553","45"
"6245","49"
"911","17"
"2951","52"
"10253","157"
"192","30"
"9289","158"
"7249","128"
"9479","162"
"10736","184"
"223","49"
"10984","187"
"1524","28"
"11680","199"
"2713","48"
"2807","49"
"5410","63"
"10819","184"
"7812","134"
"8068","138"
"1160","54"
"8009","134"
"7531","116"
"6601","131"
"7521","129"
"4196","71"
"11091","189"
"752","54"
"10971","187"
"3264","57"
"424","8"
"9339","159"
"6790","116"
"2603","46"
"7134","125"
"786","15"
"8152","42"
"6234","128"
"5273","114"
"6673","131"
"11312","74"
"10029","171"
"10133","173"
"9527","96"
"2936","51"
"10021","40"
"3168","55"
"8080","103"
"455","29"
"1736","31"
"3007","52"
"7239","128"
"5697","31"
"1082","162"
"11171","190"
"11742","161"
"7299","127"
"10242","176"
"5546","176"
"354","8"
"1131","97"
"1539","18"
"10054","171"
"9795","168"
"9789","173"
"4670","82"
"3682","64"
"1462","26"
"6170","106"
"10044","171"
"5940","102"
"821","54"
"5921","40"
"7819","14"
"4514","78"
"5978","40"
"309","6"
"10705","182"
"3898","67"
"534","10"
"6206","9"
"501","97"
"1387","25"
"11537","19"
"3519","61"
"7762","85"
"10976","187"
"9165","156"
"7663","131"
"6884","128"
"10835","174"
"3018","53"
"3760","45"
"3243","133"
"1576","130"
"2162","70"
"10182","173"
"1347","90"
"3198","56"
"6272","30"
"2190","69"
"10412","177"
"2006","36"
"10257","176"
"3315","60"
"3935","137"
"3448","64"
"5223","90"
"6826","116"
"8535","147"
"2761","48"
"7909","56"
"10625","97"
"8709","128"
"6369","109"
"26","45"
"11288","187"
"5107","176"
"1607","30"
"5524","96"
"649","12"
"11170","190"
"4077","2"
"2520","72"
"5508","176"
"6485","135"
"8742","149"
"4571","79"
"9250","158"
"8818","150"
"8081","138"
"7805","133"
"2108","37"
"1931","34"
"2917","188"
"543","10"
"70","84"
"973","4"
"4265","108"
"2421","37"
"3461","60"
"11459","195"
"10355","176"
"999","19"
"11119","191"
"9077","155"
"6583","67"
"1262","23"
"4984","195"
"8105","40"
"2264","40"
"4172","142"
"5226","17"
"5177","87"
"3903","68"
"9182","162"
"5259","90"
"6331","109"
"5533","96"
"1838","126"
"942","96"
"5975","128"
"5326","92"
"11247","191"
"10310","176"
"11578","193"
"6658","21"
"3643","63"
"8950","152"
"7446","130"
"6449","78"
"8682","148"
"9802","167"
"569","11"
"8634","145"
"2498","44"
"7279","125"
"3053","8"
"11576","158"
"4522","91"
"3220","56"
"1498","27"
"9330","159"
"5544","95"
"5364","92"
"1457","26"
"1495","4"
"382","50"
"5873","2"
"8036","49"
"9155","156"
"9567","176"
"2265","116"
"7918","73"
"4834","83"
"9925","169"
"10022","109"
"5993","151"
"8645","48"
"9436","161"
"1230","9"
"98","63"
"10136","39"
"3976","67"
"9114","162"
"698","128"
"10644","31"
"11136","108"
"8530","144"
"8904","152"
"5150","89"
"4224","73"
"4773","80"
"7825","134"
"6797","119"
"8124","42"
"2627","46"
"3025","120"
"9588","163"
"4808","139"
"5056","87"
"10528","162"
"5049","87"
"2300","41"
"1984","35"
"10116","174"
"4054","74"
"6976","22"
"11365","94"
"1771","32"
"7640","131"
"11707","197"
"10445","193"
"8304","128"
"7314","125"
"6824","31"
"7176","128"
"11027","188"
"6963","130"
"4958","85"
"7114","159"
"9900","169"
"1424","26"
"3570","91"
"3021","53"
"9346","159"
"4280","74"
"9205","158"
"8238","141"
"3075","54"
"5700","98"
"1425","134"
"1496","27"
"661","13"
"4470","77"
"7173","197"
"5488","94"
"11142","28"
"10963","187"
"6941","197"
"2331","41"
"2076","39"
"9201","158"
"6494","111"
"2109","102"
"8857","151"
"4754","82"
"8325","142"
"3219","56"
"7404","127"
"1293","192"
"6517","111"
"7917","139"
"1395","46"
"4538","78"
"5380","92"
"3390","59"
"1545","22"
"7388","128"
"811","164"
"10748","184"
"1517","160"
"1739","31"
"4121","74"
"2464","37"
"8686","96"
"6045","129"
"7746","132"
"9996","109"
"9366","160"
"5542","95"
"6761","116"
"1683","87"
"5238","90"
"7309","129"
"938","17"
"7786","133"
"3808","45"
"10637","181"
"9722","166"
"8098","49"
"11115","189"
"4532","78"
"10804","159"
"3745","65"
"9586","176"
"6977","120"
"7904","135"
"3696","63"
"8967","153"
"7125","114"
"9921","176"
"2269","40"
"2657","47"
"5602","96"
"11539","196"
"7622","116"
"8063","135"
"2321","41"
"2153","38"
"6851","114"
"10653","181"
"7971","42"
"7667","120"
"6300","29"
"8840","162"
"5431","93"
"5324","40"
"8015","137"
"724","14"
"4917","193"
"8874","196"
"11097","191"
"1431","137"
"10341","176"
"63","2"
"463","8"
"2024","36"
"5548","96"
"5009","86"
"9687","165"
"3273","57"
"450","11"
"9407","160"
"2404","42"
"4404","76"
"10434","73"
"718","149"
"7361","126"
"5854","101"
"6769","116"
"551","31"
"7150","129"
"1882","149"
"10876","56"
"1888","195"
"6065","120"
"8846","151"
"3393","59"
"11043","188"
"6430","149"
"9169","179"
"2381","42"
"6468","74"
"10742","165"
"114","1"
"540","10"
"2879","51"
"3370","65"
"7310","120"
"11257","192"
"6542","73"
"2571","1"
"10666","176"
"9475","162"
"144","3"
"519","10"
"11568","197"
"1729","33"
"5197","89"
"9439","161"
"1321","24"
"4827","134"
"4457","77"
"8311","91"
"3184","55"
"1525","28"
"6333","109"
"1306","24"
"11175","190"
"1986","35"
"5578","95"
"10712","176"
"869","16"
"10172","98"
"2328","146"
"4382","48"
"2508","79"
"5045","8"
"5349","72"
"1211","128"
"5944","40"
"9771","167"
"7558","91"
"7820","134"
"7010","103"
"8827","160"
"11377","194"
"9448","161"
"4512","41"
"11378","195"
"9472","176"
"11123","189"
"10122","172"
"8395","24"
"9285","97"
"3330","58"
"1526","187"
"2444","152"
"4942","85"
"6367","109"
"10903","42"
"4047","70"
"5552","95"
"1268","92"
"6482","74"
"8910","162"
"10121","172"
"2577","193"
"11190","97"
"7768","133"
"3452","60"
"9395","160"
"9249","158"
"2649","46"
"4317","74"
"10722","184"
"603","164"
"9056","155"
"2863","51"
"4830","83"
"3500","2"
"10891","185"
"1857","33"
"9375","160"
"8667","129"
"4825","139"
"167","72"
"4220","73"
"8315","142"
"11693","199"
"6883","129"
"1494","19"
"7651","39"
"5815","59"
"8157","42"
"5862","35"
"11098","191"
"6972","35"
"1272","8"
"9186","183"
"1640","29"
"9971","15"
"10986","187"
"7671","195"
"4421","63"
"7550","129"
"2549","145"
"1450","26"
"5421","93"
"2330","48"
"4507","164"
"9842","168"
"389","8"
"1480","162"
"2357","42"
"2219","40"
"5868","101"
"7813","134"
"3699","193"
"4344","75"
"9732","166"
"205","27"
"2048","36"
"9920","162"
"10810","183"
"244","31"
"7924","39"
"1031","19"
"9363","160"
"1750","31"
"9821","177"
"6176","8"
"4597","82"
"10811","183"
"7425","127"
"2341","48"
"10338","176"
"608","12"
"9599","164"
"9688","165"
"1435","54"
"2101","39"
"1885","137"
"5082","87"
"7087","121"
"11404","194"
"3881","67"
"6089","131"
"9449","161"
"5547","95"
"4080","108"
"1396","25"
"2853","51"
"3285","6"
"10241","128"
"10567","180"
"6608","124"
"11676","120"
"7723","132"
"4641","80"
"3090","54"
"7048","176"
"10163","178"
"5567","96"
"7903","135"
"4261","74"
"11608","197"
"2984","52"
"7794","165"
"9803","168"
"8071","138"
"5766","99"
"3061","53"
"3963","69"
"9379","27"
"558","11"
"2156","38"
"689","13"
"6174","8"
"508","109"
"11202","191"
"7986","97"
"8696","48"
"2284","40"
"3060","8"
"5829","100"
"4908","64"
"3965","68"
"149","3"
"10866","122"
"10047","152"
"11103","189"
"3684","149"
"163","72"
"408","8"
"9050","178"
"5312","137"
"7062","121"
"9564","163"
"11740","200"
"9667","165"
"1745","102"
"2617","44"
"4921","85"
"7581","129"
"3895","67"
"5428","93"
"8159","139"
"10610","168"
"5927","33"
"6957","140"
"8932","152"
"10806","183"
"8249","146"
"3087","54"
"2308","57"
"9047","155"
"2231","40"
"6931","119"
"7012","120"
"7587","130"
"8793","184"
"8694","116"
"2367","42"
"3098","54"
"6594","149"
"9549","176"
"10714","182"
"10188","129"
"8347","143"
"5098","98"
"3254","57"
"384","8"
"8442","143"
"488","23"
"6814","117"
"5108","88"
"7183","128"
"2716","95"
"684","13"
"9998","174"
"10860","87"
"2893","24"
"1373","87"
"3318","1"
"3225","35"
"5298","120"
"3580","195"
"11395","194"
"6576","99"
"118","2"
"4058","70"
"1780","32"
"594","134"
"9452","161"
"3806","66"
"2252","156"
"10276","175"
"8165","139"
"8888","152"
"785","15"
"6548","112"
"659","12"
"8784","150"
"1206","105"
"11488","195"
"6499","135"
"7073","171"
"10604","181"
"10110","173"
"5617","98"
"6541","111"
"10887","185"
"1142","21"
"3939","82"
"5253","90"
"9463","161"
"7807","134"
"11140","190"
"252","5"
"2459","106"
"1606","30"
"5146","90"
"2570","45"
"10154","180"
"2292","41"
"4990","52"
"9636","164"
"7757","133"
"3176","21"
"7683","39"
"453","9"
"9264","160"
"6609","131"
"3416","66"
"1679","29"
"169","146"
"11497","196"
"5889","101"
"3156","55"
"10725","162"
"10228","174"
"7181","123"
"9046","195"
"107","2"
"4689","81"
"11111","35"
"7720","132"
"8353","143"
"1946","35"
"7646","150"
"546","27"
"8360","145"
"371","8"
"5258","48"
"6077","120"
"5203","89"
"10325","176"
"6691","39"
"87","84"
"3013","53"
"7233","168"
"1967","140"
"4293","15"
"2039","36"
"7454","33"
"11141","106"
"10594","180"
"1108","109"
"11609","178"
"1089","20"
"10780","184"
"5785","151"
"11079","189"
"6073","104"
"7852","14"
"2120","151"
"5057","65"
"6398","195"
"5627","97"
"8359","146"
"2466","43"
"1090","20"
"9215","153"
"412","106"
"4192","72"
"4636","80"
"1030","19"
"6904","149"
"2362","42"
"4823","83"
"1385","23"
"2878","50"
"8693","55"
"9010","193"
"5306","91"
"1826","33"
"9580","169"
"410","8"
"6343","200"
"1284","10"
"10259","97"
"7509","129"
"1092","162"
"5624","96"
"2837","8"
"10733","184"
"2785","137"
"9431","96"
"6665","91"
"3999","69"
"2731","48"
"10778","183"
"7668","120"
"8507","8"
"2297","41"
"6648","160"
"11618","199"
"5668","95"
"7745","132"
"852","16"
"2037","35"
"10707","182"
"8072","138"
"6800","39"
"8743","149"
"3190","42"
"11661","198"
"3099","54"
"2575","65"
"9952","151"
"7839","134"
"8649","148"
"11325","174"
"2183","155"
"5917","102"
"10396","167"
"6557","111"
"6660","114"
"7692","120"
"11674","120"
"6656","197"
"2767","48"
"6401","110"
"94","33"
"3556","64"
"6466","181"
"4697","81"
"9312","159"
"1116","21"
"6091","184"
"4805","83"
"1200","149"
"2434","156"
"7638","129"
"9645","160"
"11720","199"
"11415","128"
"5353","199"
"1070","20"
"9320","159"
"2975","52"
"8555","144"
"10261","157"
"5205","89"
"4505","78"
"11420","92"
"1700","108"
"4980","86"
"1159","21"
"8314","112"
"9217","161"
"11678","34"
"340","12"
"5659","42"
"1580","194"
"11368","179"
"4879","185"
"1910","34"
"809","54"
"10468","195"
"8272","200"
"7589","116"
"7043","122"
"2029","7"
"11281","148"
"3604","8"
"7735","132"
"4161","34"
"9494","162"
"11318","193"
"11287","192"
"1218","105"
"4547","135"
"7721","132"
"2234","195"
"5693","95"
"2789","128"
"11478","197"
"4596","79"
"6921","119"
"2835","50"
"5470","178"
"3296","57"
"2733","48"
"4418","4"
"2500","72"
"7650","15"
"783","54"
"4446","77"
"9618","164"
"443","14"
"3528","61"
"6062","120"
"7990","97"
"419","8"
"10234","174"
"7540","129"
"5317","135"
"7888","40"
"3716","64"
"6282","76"
"4682","81"
"10385","177"
"8931","152"
"2230","38"
"3453","60"
"2096","37"
"9025","181"
"11035","188"
"1423","10"
"971","18"
"654","12"
"1273","23"
"6327","96"
"796","15"
"6463","111"
"2200","102"
"887","16"
"908","42"
"4815","139"
"5229","22"
"1756","195"
"5746","125"
"4151","25"
"8478","145"
"5046","106"
"2883","50"
"8164","139"
"2189","102"
"7210","124"
"5186","89"
"6522","164"
"11274","192"
"3825","66"
"1722","31"
"6723","121"
"7607","130"
"10463","31"
"7283","129"
"11197","191"
"10289","162"
"369","7"
"10447","195"
"8490","137"
"1696","128"
"777","14"
"2142","38"
"673","13"
"2000","36"
"4911","85"
"4555","79"
"5807","41"
"8582","146"
"10915","186"
"6225","30"
"9195","161"
"6575","114"
"1848","192"
"2051","189"
"5124","88"
"4800","139"
"8025","137"
"11389","194"
"10500","179"
"11017","188"
"9044","179"
"2908","51"
"3837","17"
"9982","162"
"2361","42"
"9418","173"
"1616","27"
"7591","152"
"7776","195"
"11592","197"
"154","65"
"5245","24"
"525","97"
"7479","128"
"480","11"
"11583","128"
"4468","186"
"580","149"
"9547","176"
"7349","128"
"9384","160"
"10862","185"
"7738","195"
"5224","90"
"2676","47"
"311","130"
"1359","24"
"7809","15"
"4026","70"
"11207","191"
"2831","108"
"5409","93"
"9986","172"
"10187","152"
"6767","116"
"9832","168"
"8807","150"
"10588","180"
"10998","88"
"4169","72"
"2077","43"
"1887","120"
"5719","98"
"1118","21"
"6231","160"
"618","109"
"10912","186"
"11785","200"
"10093","162"
"1267","108"
"3186","96"
"3136","55"
"4409","160"
"10256","176"
"10383","177"
"4515","41"
"1583","29"
"3821","66"
"1399","106"
"9705","165"
"7175","127"
"1723","31"
"6323","97"
"2935","51"
"7889","56"
"3485","60"
"2766","48"
"10754","183"
"10254","157"
"1944","35"
"5437","93"
"808","15"
"6707","115"
"7953","137"
"4638","31"
"6582","124"
"10141","173"
"6215","29"
"8811","91"
"4924","133"
"1999","57"
"10415","177"
"9013","154"
"896","17"
"1095","20"
"7933","137"
"7796","133"
"2514","44"
"9548","164"
"5189","85"
"11713","199"
"4467","38"
"7630","131"
"4752","79"
"6158","106"
"8705","149"
"3968","80"
"2847","17"
"5118","88"
"1715","33"
"3958","69"
"8976","153"
"6125","105"
"3","82"
"7297","120"
"6759","116"
"10546","180"
"3707","63"
"3536","66"
"2073","40"
"8850","151"
"8541","84"
"214","49"
"7518","129"
"2551","45"
"8906","152"
"1950","35"
"936","42"
"2409","42"
"7537","129"
"11477","195"
"3116","54"
"10493","155"
"1333","24"
"10232","174"
"9903","169"
"10597","180"
"6839","56"
"4288","74"
"2008","36"
"8084","138"
"11361","195"
"6071","173"
"3751","66"
"5774","39"
"9889","169"
"6616","114"
"8561","145"
"4870","120"
"7862","67"
"5865","84"
"11049","188"
"2452","39"
"9990","170"
"4966","52"
"976","18"
"4367","75"
"2310","151"
"6509","78"
"1449","27"
"6679","115"
"8186","139"
"7196","128"
"10258","96"
"5407","93"
"10161","155"
"930","17"
"3646","63"
"8285","146"
"85","45"
"1522","54"
"3525","65"
"714","13"
"8560","144"
"993","18"
"3755","63"
"9993","75"
"4099","72"
"10883","185"
"1174","74"
"3986","57"
"2322","21"
"7806","133"
"6785","137"
"8464","147"
"6382","109"
"8898","176"
"4802","83"
"6107","105"
"4474","77"
"10198","174"
"8005","160"
"10812","184"
"4004","69"
"553","40"
"9686","165"
"6409","88"
"820","15"
"8275","91"
"8166","140"
"6286","108"
"5384","92"
"5010","86"
"9537","176"
"8854","151"
"10769","183"
"7893","40"
"6719","40"
"11217","191"
"893","16"
"10206","168"
"9894","162"
"9702","165"
"1636","30"
"11675","195"
"9398","76"
"10478","178"
"5329","105"
"4020","70"
"10282","173"
"10952","185"
"5915","102"
"10295","182"
"2901","51"
"7597","130"
"5272","91"
"1926","34"
"8003","24"
"4469","77"
"9071","155"
"10145","173"
"6745","130"
"1315","12"
"4323","75"
"1217","105"
"8537","185"
"4711","81"
"2613","64"
"7748","133"
"7859","134"
"3185","133"
"8252","144"
"2067","39"
"4444","77"
"5742","98"
"3778","60"
"135","58"
"7204","123"
"5531","95"
"7193","129"
"9243","158"
"5190","89"
"7709","185"
"8296","84"
"10193","174"
"8220","140"
"683","13"
"4353","75"
"5639","82"
"4536","78"
"8942","73"
"5660","97"
"11432","195"
"4205","32"
"10192","159"
"7237","174"
"10299","176"
"11334","178"
"3495","34"
"10759","184"
"6975","193"
"4914","85"
"11689","196"
"5201","89"
"10217","174"
"5136","88"
"11543","199"
"5816","100"
"7115","122"
"3056","53"
"3547","66"
"112","60"
"7546","35"
"6048","198"
"201","27"
"259","5"
"4979","25"
"1077","20"
"6784","133"
"5275","112"
"9613","164"
"9009","40"
"6012","103"
"892","173"
"1796","31"
"8796","149"
"6322","13"
"7523","129"
"3261","57"
"7326","99"
"79","1"
"11615","19"
"6204","29"
"8639","147"
"2965","102"
"9698","165"
"6266","34"
"2295","41"
"10744","184"
"3788","62"
"2213","67"
"6589","127"
"4715","81"
"1968","195"
"5588","96"
"6090","172"
"5991","39"
"2287","40"
"3875","22"
"5861","100"
"8753","149"
"8088","138"
"1304","137"
"6830","94"
"11723","17"
"3659","60"
"6092","104"
"8735","194"
"2131","173"
"6254","27"
"1317","25"
"6148","106"
"6078","120"
"919","17"
"4202","74"
"5572","95"
"7009","120"
"4462","77"
"4928","85"
"5105","88"
"2658","161"
"10058","169"
"3083","54"
"7069","121"
"9836","96"
"10642","181"
"10732","183"
"5897","63"
"9486","162"
"1013","134"
"1386","25"
"5926","103"
"9809","173"
"2430","40"
"9007","155"
"1816","33"
"5788","99"
"6895","119"
"8316","178"
"4909","85"
"150","84"
"3011","53"
"1063","12"
"5352","92"
"3478","66"
"5097","88"
"6867","56"
"11454","195"
"3140","55"
"9111","178"
"5687","98"
"8720","149"
"1192","120"
"5656","82"
"2463","43"
"2212","40"
"3131","174"
"7860","30"
"7192","129"
"5402","178"
"6624","114"
"3383","63"
"5059","87"
"8940","153"
"10864","135"
"8342","193"
"3465","59"
"1935","35"
"3434","93"
"9267","15"
"2993","52"
"8900","155"
"10176","42"
"7967","136"
"8508","143"
"6205","9"
"11562","139"
"4109","72"
"4411","160"
"4402","151"
"208","105"
"6742","129"
"10499","181"
"5814","137"
"10662","162"
"3418","59"
"8655","148"
"7942","134"
"386","25"
"9945","169"
"10118","174"
"1634","13"
"9048","164"
"9604","164"
"4613","80"
"8660","171"
"5115","128"
"2494","192"
"6072","104"
"1713","116"
"8243","144"
"6737","116"
"1521","29"
"7736","7"
"8338","19"
"3688","142"
"2211","152"
"2588","94"
"9344","94"
"11053","188"
"3726","63"
"8154","42"
"2717","48"
"1605","29"
"6780","148"
"8539","146"
"2070","152"
"5703","98"
"10298","162"
"52","72"
"5015","51"
"9915","169"
"10031","165"
"4685","81"
"1283","89"
"8580","147"
"11298","192"
"10037","98"
"4148","62"
"7078","114"
"2453","38"
"8351","143"
"3641","84"
"2382","42"
"71","84"
"10837","199"
"2848","50"
"3206","119"
"11227","188"
"4615","80"
"8261","185"
"10543","182"
"1712","30"
"1371","134"
"5391","93"
"7313","120"
"4245","73"
"11340","149"
"7061","40"
"1235","23"
"11777","200"
"190","27"
"11602","195"
"10399","162"
"3253","57"
"723","14"
"1133","21"
"6432","149"
"10115","162"
"3326","90"
"100","2"
"8108","139"
"4237","14"
"3601","87"
"9683","128"
"6210","29"
"5485","178"
"2164","38"
"10401","177"
"5427","93"
"7340","128"
"3201","48"
"4436","77"
"10847","185"
"11527","195"
"6153","8"
"7415","127"
"11538","115"
"2983","52"
"5100","168"
"7418","127"
"9684","165"
"5751","124"
"10551","180"
"7033","121"
"10679","182"
"88","105"
"8684","148"
"10471","70"
"6917","76"
"6670","114"
"45","1"
"9095","155"
"904","17"
"11769","153"
"8737","149"
"3356","143"
"10352","176"
"9992","184"
"8610","84"
"3247","56"
"4010","69"
"10139","170"
"8619","1"
"802","15"
"8622","200"
"5445","93"
"10951","33"
"10532","179"
"7642","131"
"9830","20"
"4062","70"
"173","1"
"579","9"
"10092","172"
"4502","78"
"9661","128"
"7998","109"
"3074","54"
"6284","30"
"5036","87"
"4981","92"
"4037","70"
"6397","110"
"11714","199"
"10293","176"
"11409","194"
"4591","80"
"2139","39"
"5179","106"
"1305","24"
"6855","128"
"1035","19"
"5645","149"
"7303","129"
"8320","49"
"11349","195"
"9052","19"
"2580","71"
"8455","141"
"8461","144"
"8150","139"
"2470","72"
"7596","130"
"604","12"
"2257","40"
"3753","137"
"1597","29"
"7719","133"
"850","16"
"4139","1"
"997","18"
"10840","184"
"5925","78"
"5202","89"
"1316","5"
"11481","198"
"3642","63"
"3100","54"
"9697","165"
"10251","175"
"9435","96"
"2885","50"
"6693","115"
"5870","101"
"1339","65"
"9245","97"
"10035","171"
"3284","10"
"6704","131"
"5265","90"
"1351","25"
"3449","84"
"1940","35"
"5527","95"
"8546","84"
"5736","98"
"4395","115"
"5453","94"
"11262","195"
"10286","176"
"8691","148"
"4206","74"
"4198","97"
"11168","149"
"10342","176"
"10488","153"
"8215","140"
"4182","1"
"3827","60"
"1433","26"
"7040","121"
"6355","171"
"10807","184"
"11275","192"
"5686","98"
"1874","34"
"10601","182"
"5738","98"
"10065","152"
"9523","176"
"1553","28"
"3813","106"
"1028","38"
"298","6"
"3938","23"
"11727","22"
"8538","143"
"1254","72"
"3714","63"
"3290","10"
"5021","8"
"9127","156"
"10927","186"
"11611","116"
"10443","179"
"6202","106"
"9252","158"
"11523","193"
"7068","197"
"8383","144"
"5571","95"
"9121","156"
"11638","178"
"6731","124"
"2941","51"
"5806","87"
"5293","78"
"5446","102"
"7421","128"
"6625","114"
"8134","139"
"11064","188"
"6487","40"
"2652","96"
"10308","176"
"2867","51"
"3581","62"
"4761","82"
"1021","196"
"7352","121"
"5474","178"
"1076","200"
"4084","72"
"2483","31"
"924","17"
